,Employee_ID,Gender,Age,Education_Level,Relationship_Status,Hometown,Unit,Decision_skill_possess,Time_of_service,Time_since_promotion,growth_rate,Travel_Rate,Post_Level,Pay_Scale,Compensation_and_Benefits,Work_Life_balance,Attrition_rate
5,EID_2278,M,54.0,3,Married,Lebanon,Purchasing,Conceptual,19.0,1,21,2,5,9.0,type2,1.0,0.7613
19,EID_12947,M,32.0,3,Single,Lebanon,IT,Conceptual,7.0,4,44,0,4,5.0,type2,1.0,0.641
25,EID_3901,F,37.0,2,Married,Washington,Marketing,Directive,15.0,1,58,1,3,3.0,type2,1.0,0.8727
27,EID_12981,M,28.0,3,Single,Lebanon,Sales,Conceptual,10.0,1,58,0,4,8.0,type2,1.0,0.6272
38,EID_11141,F,33.0,3,Married,Lebanon,Logistics,Analytical,9.0,3,72,0,1,10.0,type2,2.0,0.6961
63,EID_25100,F,37.0,4,Single,Springfield,Logistics,Conceptual,12.0,4,59,1,2,4.0,type4,3.0,0.9262
81,EID_15394,M,24.0,2,Married,Clinton,Sales,Conceptual,5.0,2,38,1,2,8.0,type2,3.0,0.4841
91,EID_8061,F,59.0,3,Single,Clinton,IT,Directive,28.0,2,20,1,1,4.0,type2,1.0,0.6453
108,EID_15176,F,31.0,2,Single,Clinton,Operarions,Conceptual,3.0,2,73,1,4,4.0,type3,3.0,0.7367
111,EID_13813,M,30.0,5,Single,Springfield,Operarions,Conceptual,6.0,3,49,0,4,5.0,type2,4.0,0.6957
122,EID_7105,F,42.0,4,Married,Washington,IT,Conceptual,7.0,2,60,1,1,4.0,type2,2.0,0.5882
130,EID_25656,M,28.0,3,Married,Lebanon,Sales,Directive,4.0,1,48,0,3,1.0,type0,1.0,0.7559
135,EID_18401,F,20.0,3,Single,Springfield,Purchasing,Directive,1.0,1,37,0,2,8.0,type3,4.0,0.5122
146,EID_17912,M,20.0,4,Single,Lebanon,IT,Analytical,1.0,1,47,0,2,9.0,type2,1.0,0.7234
151,EID_5324,M,37.0,2,Married,Franklin,Operarions,Directive,18.0,3,31,2,3,6.0,type3,1.0,0.7402
155,EID_7146,M,46.0,2,Married,Springfield,Sales,Directive,21.0,1,55,0,5,6.0,type3,2.0,0.9696
185,EID_19555,F,19.0,4,Married,Franklin,Sales,Conceptual,0.0,0,65,1,3,5.0,type3,2.0,0.819
187,EID_25009,F,35.0,3,Married,Washington,Production,Analytical,13.0,4,61,0,1,8.0,type3,2.0,0.9391
198,EID_23873,F,32.0,1,Single,Franklin,R&D,Conceptual,7.0,1,35,1,2,8.0,type2,2.0,0.5428
202,EID_13380,M,27.0,4,Single,Lebanon,Purchasing,Conceptual,4.0,3,67,1,4,8.0,type3,3.0,0.8835
215,EID_22506,M,27.0,3,Married,Washington,Purchasing,Conceptual,5.0,4,68,0,3,8.0,type3,4.0,0.8769
219,EID_17581,F,23.0,4,Married,Clinton,Sales,Directive,4.0,1,30,1,2,5.0,type1,4.0,0.6302
227,EID_21825,F,31.0,3,Married,Lebanon,Sales,Behavioral,3.0,1,63,2,4,6.0,type3,4.0,0.9299
259,EID_20470,M,22.0,4,Single,Lebanon,Sales,Directive,3.0,3,68,0,2,7.0,type3,3.0,0.694
266,EID_16591,M,28.0,5,Married,Franklin,Operarions,Analytical,5.0,2,25,1,3,3.0,type2,3.0,0.7602
277,EID_10994,F,43.0,5,Married,Springfield,R&D,Behavioral,18.0,4,42,2,3,7.0,type2,1.0,0.5279
323,EID_22197,F,25.0,4,Single,Franklin,Security,Conceptual,6.0,3,20,0,3,5.0,type2,1.0,0.7669
333,EID_2383,M,57.0,2,Single,Lebanon,Sales,Analytical,24.0,4,40,1,2,4.0,type2,3.0,0.5785
343,EID_22702,M,31.0,5,Married,Clinton,Sales,Directive,4.0,2,42,0,3,9.0,type0,2.0,0.609
358,EID_8781,M,37.0,1,Single,Lebanon,Logistics,Behavioral,12.0,2,52,0,2,5.0,type2,2.0,0.7447
368,EID_11045,F,42.0,3,Married,Washington,Security,Directive,9.0,3,50,0,3,5.0,type2,2.0,0.5346
393,EID_24065,F,54.0,4,Married,Clinton,Purchasing,Analytical,26.0,1,54,0,5,4.0,type3,4.0,0.9853
397,EID_3845,M,49.0,4,Married,Lebanon,Accounting and Finance,Conceptual,21.0,2,69,1,4,7.0,type2,2.0,0.4848
405,EID_10950,M,38.0,4,Single,Springfield,Production,Analytical,9.0,3,28,0,5,6.0,type3,5.0,0.546
412,EID_1391,F,56.0,3,Married,Franklin,Logistics,Conceptual,30.0,3,28,0,1,8.0,type3,3.0,0.6255
414,EID_21043,M,54.0,4,Single,Springfield,Operarions,Directive,23.0,1,52,0,3,8.0,type1,1.0,0.7444
422,EID_3547,F,37.0,3,Single,Franklin,Logistics,Behavioral,25.0,3,62,1,4,6.0,type2,1.0,0.6831
450,EID_15594,F,23.0,4,Married,Springfield,IT,Directive,4.0,4,30,0,2,9.0,type2,2.0,0.6998
477,EID_10843,F,38.0,4,Married,Springfield,Logistics,Analytical,11.0,2,59,1,3,4.0,type0,3.0,0.6412
479,EID_5768,F,46.0,3,Single,Lebanon,IT,Analytical,14.0,1,27,2,3,8.0,type2,3.0,0.7618
529,EID_20364,M,32.0,3,Married,Springfield,Marketing,Conceptual,3.0,3,72,2,3,8.0,type2,3.0,0.7537
549,EID_4999,F,47.0,5,Married,Franklin,R&D,Behavioral,14.0,2,60,1,3,5.0,type3,1.0,0.7634
563,EID_20934,F,28.0,3,Married,Springfield,IT,Directive,5.0,1,38,0,1,8.0,type2,1.0,0.5212
567,EID_5735,M,65.0,3,Single,Franklin,IT,Directive,36.0,4,55,0,3,5.0,type2,1.0,0.5725
572,EID_12065,F,35.0,3,Married,Springfield,Logistics,Conceptual,12.0,1,38,1,4,7.0,type2,1.0,0.5975
603,EID_18313,M,21.0,2,Married,Lebanon,Operarions,Directive,2.0,2,28,0,4,5.0,type2,3.0,0.5557
604,EID_17326,F,22.0,4,Married,Washington,IT,Analytical,3.0,3,47,0,3,8.0,type2,1.0,0.7045
613,EID_4598,M,57.0,3,Married,Springfield,Sales,Behavioral,22.0,2,41,1,3,8.0,type0,4.0,0.6576
625,EID_8950,F,59.0,3,Married,Franklin,Operarions,Analytical,30.0,3,68,0,3,5.0,type2,3.0,0.7049
630,EID_1817,M,59.0,3,Married,Lebanon,Operarions,Analytical,22.0,3,30,0,2,8.0,type3,1.0,0.5802
633,EID_8723,F,43.0,3,Married,Washington,R&D,Directive,21.0,2,43,1,4,3.0,type3,3.0,0.5918
635,EID_11191,F,37.0,3,Married,Lebanon,Marketing,Analytical,11.0,3,55,1,2,4.0,type3,4.0,0.6889
654,EID_11938,M,35.0,4,Married,Lebanon,Logistics,Directive,12.0,3,56,0,4,6.0,type2,4.0,0.5781
667,EID_22394,F,54.0,2,Single,Lebanon,IT,Analytical,15.0,4,56,1,3,7.0,type2,2.0,0.6784
729,EID_23182,F,54.0,3,Single,Lebanon,IT,Behavioral,24.0,1,35,1,1,8.0,type2,1.0,0.8365
735,EID_10565,M,39.0,5,Single,Lebanon,IT,Analytical,11.0,2,50,1,3,4.0,type3,3.0,0.4921
753,EID_19476,F,28.0,2,Married,Lebanon,Human Resource Management,Conceptual,5.0,3,64,0,1,5.0,type2,2.0,0.7109
758,EID_14481,M,33.0,3,Single,Lebanon,R&D,Analytical,8.0,1,28,1,3,10.0,type2,2.0,0.7649
766,EID_23150,F,19.0,1,Married,Lebanon,IT,Conceptual,0.0,0,47,0,3,4.0,type4,3.0,0.5126
772,EID_24672,M,28.0,4,Single,Lebanon,Logistics,Conceptual,6.0,2,33,1,1,7.0,type2,2.0,0.6111
803,EID_25766,M,30.0,1,Married,Washington,Purchasing,Conceptual,7.0,2,35,1,3,3.0,type2,2.0,0.6832
817,EID_16989,F,22.0,4,Single,Lebanon,R&D,Behavioral,3.0,3,58,1,3,9.0,type1,4.0,0.7999
820,EID_3332,F,51.0,1,Single,Lebanon,R&D,Directive,26.0,2,33,1,4,5.0,type2,2.0,0.8278
842,EID_11895,M,40.0,2,Married,Springfield,Logistics,Behavioral,11.0,4,42,2,3,4.0,type4,3.0,0.8665
861,EID_25546,M,47.0,3,Married,Lebanon,Operarions,Directive,21.0,4,20,2,4,1.0,type2,4.0,0.5936
889,EID_20214,M,22.0,5,Married,Washington,Sales,Directive,3.0,3,49,0,2,8.0,type2,2.0,0.7716
899,EID_2522,F,53.0,2,Single,Lebanon,Logistics,Analytical,26.0,2,69,1,3,4.0,type3,2.0,0.7097
903,EID_8226,F,40.0,1,Single,Springfield,Human Resource Management,Behavioral,13.0,4,53,0,2,5.0,type3,3.0,0.7872
907,EID_3026,F,61.0,3,Married,Washington,Operarions,Conceptual,24.0,3,49,1,2,8.0,type0,4.0,0.8518
913,EID_2849,F,56.0,3,Married,Springfield,Production,Conceptual,33.0,4,38,1,3,6.0,type3,3.0,0.7482
917,EID_24546,F,27.0,4,Married,Franklin,Sales,Behavioral,5.0,4,64,1,3,6.0,type3,3.0,0.7309
925,EID_20376,M,54.0,4,Married,Lebanon,Logistics,Conceptual,32.0,1,35,0,2,5.0,type3,4.0,0.6376
926,EID_1102,M,58.0,3,Single,Lebanon,Marketing,Conceptual,20.0,2,36,1,4,8.0,type2,2.0,0.781
935,EID_11551,M,33.0,3,Married,Springfield,IT,Conceptual,10.0,1,65,1,4,8.0,type2,5.0,0.5163
978,EID_22646,M,25.0,3,Married,Washington,Operarions,Behavioral,6.0,2,59,1,5,5.0,type1,1.0,0.884
982,EID_19930,M,60.0,3,Married,Franklin,Sales,Analytical,30.0,4,33,1,1,5.0,type3,4.0,0.7558
987,EID_3331,M,55.0,3,Married,Springfield,Quality,Behavioral,17.0,1,43,0,3,3.0,type2,2.0,0.9501
1000,EID_3107,M,60.0,3,Single,Clinton,Logistics,Conceptual,30.0,4,70,1,2,8.0,type2,3.0,0.9017
1002,EID_19525,M,19.0,1,Single,Lebanon,Purchasing,Conceptual,0.0,0,38,0,3,6.0,type0,4.0,0.7142
1022,EID_8038,F,49.0,4,Married,Lebanon,Purchasing,Conceptual,13.0,2,53,1,2,4.0,type3,3.0,0.7121
1023,EID_23140,F,22.0,4,Married,Washington,Operarions,Directive,3.0,3,24,0,1,2.0,type3,3.0,0.5311
1027,EID_9145,F,61.0,1,Married,Springfield,Quality,Behavioral,29.0,4,37,0,1,4.0,type3,4.0,0.589
1028,EID_11144,F,33.0,3,Married,Lebanon,Operarions,Conceptual,5.0,1,74,1,1,5.0,type3,4.0,0.7911
1029,EID_23899,M,42.0,4,Married,Washington,IT,Directive,17.0,4,57,0,2,6.0,type3,3.0,0.567
1046,EID_9853,M,46.0,4,Single,Lebanon,Purchasing,Analytical,14.0,4,32,0,5,6.0,type2,3.0,0.5149
1047,EID_2202,F,58.0,1,Single,Springfield,Logistics,Behavioral,33.0,1,36,1,1,7.0,type2,3.0,0.5868
1083,EID_4777,M,48.0,4,Married,Springfield,Logistics,Directive,14.0,3,23,1,2,4.0,type2,4.0,0.5778
1094,EID_24119,M,47.0,3,Married,Springfield,Operarions,Directive,20.0,1,32,0,4,6.0,type2,3.0,0.9444
1100,EID_17697,M,24.0,4,Married,Springfield,R&D,Analytical,5.0,1,36,1,4,8.0,type2,3.0,0.5758
1103,EID_3575,M,64.0,1,Single,Lebanon,Accounting and Finance,Behavioral,30.0,4,42,2,3,2.0,type2,3.0,0.9447
1164,EID_6691,F,43.0,2,Married,Washington,Human Resource Management,Analytical,14.0,1,55,1,3,6.0,type2,3.0,0.8298
1171,EID_16026,M,29.0,3,Single,Franklin,Sales,Conceptual,6.0,4,45,0,3,7.0,type3,4.0,0.502
1185,EID_14878,F,32.0,4,Single,Springfield,Sales,Behavioral,8.0,2,35,0,2,5.0,type2,3.0,0.5135
1192,EID_24130,M,42.0,3,Married,Springfield,R&D,Directive,9.0,3,46,2,3,5.0,type3,1.0,0.4911
1193,EID_23698,M,26.0,1,Single,Franklin,R&D,Behavioral,3.0,3,71,0,3,5.0,type2,1.0,0.5104
1225,EID_12501,M,39.0,1,Married,Franklin,Logistics,Directive,15.0,3,50,0,3,6.0,type3,5.0,0.501
1229,EID_8532,F,39.0,3,Single,Springfield,Operarions,Directive,17.0,3,74,2,3,5.0,type2,3.0,0.7087
1230,EID_22092,F,60.0,4,Single,Springfield,Logistics,Analytical,27.0,2,24,1,2,6.0,type3,3.0,0.5311
1243,EID_7284,F,51.0,1,Married,Springfield,Logistics,Directive,27.0,2,50,2,1,7.0,type3,2.0,0.7333
1255,EID_11720,F,36.0,5,Married,Washington,Sales,Analytical,11.0,4,21,0,3,6.0,type2,1.0,0.7396
1272,EID_14972,M,30.0,4,Single,Washington,IT,Conceptual,8.0,4,29,0,5,4.0,type2,1.0,0.59
1304,EID_25668,M,35.0,4,Married,Springfield,Sales,Behavioral,12.0,1,23,2,3,5.0,type3,3.0,0.7918
1317,EID_9452,M,37.0,2,Married,Springfield,R&D,Analytical,20.0,3,28,1,4,7.0,type2,1.0,0.6765
1339,EID_6113,F,49.0,3,Single,Washington,Operarions,Behavioral,26.0,4,46,1,3,7.0,type2,2.0,0.8839
1354,EID_13183,M,37.0,5,Married,Lebanon,Operarions,Behavioral,15.0,2,22,0,2,2.0,type2,4.0,0.6379
1355,EID_13357,M,36.0,3,Single,Franklin,Purchasing,Analytical,12.0,2,38,1,2,4.0,type2,2.0,0.7906
1359,EID_13545,M,31.0,3,Married,Lebanon,Logistics,Conceptual,4.0,2,36,1,5,6.0,type2,3.0,0.5418
1360,EID_20236,M,22.0,3,Married,Clinton,Operarions,Conceptual,3.0,3,67,1,2,9.0,type2,3.0,0.7286
1370,EID_3539,F,64.0,3,Married,Franklin,Sales,Conceptual,42.0,2,53,0,2,6.0,type2,4.0,0.6088
1371,EID_14563,M,29.0,5,Single,Washington,Sales,Conceptual,5.0,4,29,1,3,6.0,type2,2.0,0.7471
1379,EID_9671,M,59.0,4,Married,Springfield,Logistics,Analytical,22.0,4,65,1,3,6.0,type0,3.0,0.5804
1389,EID_4318,F,57.0,4,Married,Lebanon,R&D,Analytical,24.0,1,37,0,4,8.0,type3,1.0,0.7682
1398,EID_9806,F,61.0,4,Married,Franklin,IT,Conceptual,10.0,2,45,0,3,8.0,type2,2.0,0.6918
1402,EID_3892,F,53.0,3,Single,Lebanon,Purchasing,Analytical,25.0,4,71,1,3,8.0,type2,3.0,0.4845
1407,EID_9454,M,47.0,4,Married,Lebanon,R&D,Directive,18.0,2,42,0,5,7.0,type2,3.0,0.5405
1428,EID_16562,M,25.0,4,Single,Lebanon,Sales,Analytical,6.0,2,69,0,1,5.0,type0,1.0,0.8376
1442,EID_20096,M,28.0,4,Married,Clinton,Logistics,Conceptual,5.0,1,31,0,4,5.0,type2,4.0,0.6892
1448,EID_13361,F,31.0,2,Married,Lebanon,Production,Behavioral,5.0,4,42,0,2,6.0,type4,2.0,0.5725
1452,EID_2732,M,56.0,4,Single,Clinton,R&D,Conceptual,20.0,4,31,0,1,6.0,type2,4.0,0.5819
1472,EID_6842,F,65.0,5,Married,Clinton,Operarions,Directive,34.0,1,52,2,3,5.0,type3,2.0,0.646
1487,EID_18893,M,21.0,3,Married,Franklin,Operarions,Directive,2.0,2,24,2,5,4.0,type3,3.0,0.6087
1494,EID_23563,F,35.0,1,Married,Lebanon,Logistics,Behavioral,7.0,2,34,0,2,6.0,type2,1.0,0.5712
1499,EID_23944,M,47.0,4,Single,Springfield,R&D,Analytical,11.0,2,32,0,3,5.0,type3,3.0,0.5899
1505,EID_15285,F,27.0,3,Married,Springfield,Security,Analytical,4.0,1,46,1,3,2.0,type3,4.0,0.715
1520,EID_24705,M,35.0,2,Single,Lebanon,Marketing,Behavioral,6.0,3,40,0,1,4.0,type3,3.0,0.938
1553,EID_13313,M,31.0,5,Married,Springfield,R&D,Directive,5.0,4,28,1,4,8.0,type2,3.0,0.5288
1602,EID_11410,M,42.0,3,Married,Springfield,IT,Conceptual,10.0,3,68,2,2,4.0,type2,1.0,0.5746
1618,EID_1443,M,64.0,5,Married,Springfield,R&D,Analytical,29.0,1,69,0,3,4.0,type2,3.0,0.7227
1638,EID_12885,M,28.0,3,Single,Springfield,Logistics,Behavioral,4.0,3,28,2,3,8.0,type3,1.0,0.6292
1642,EID_20117,F,28.0,4,Single,Lebanon,Quality,Behavioral,6.0,4,56,0,4,9.0,type3,1.0,0.9808
1643,EID_11876,M,31.0,3,Married,Washington,IT,Directive,2.0,2,57,0,2,10.0,type2,2.0,0.9217
1647,EID_9444,M,38.0,4,Married,Lebanon,IT,Behavioral,15.0,4,62,1,5,7.0,type2,3.0,0.5776
1649,EID_9878,F,41.0,4,Single,Springfield,IT,Analytical,7.0,3,62,2,5,6.0,type4,1.0,0.7863
1658,EID_24020,M,19.0,3,Married,Springfield,Sales,Behavioral,0.0,0,72,2,4,7.0,type2,3.0,0.5944
1680,EID_12606,M,38.0,2,Single,Washington,Logistics,Conceptual,15.0,4,25,0,3,4.0,type3,2.0,0.6052
1688,EID_1619,F,37.0,3,Single,Clinton,Logistics,Analytical,27.0,4,39,2,2,5.0,type2,3.0,0.5284
1692,EID_4254,F,49.0,4,Married,Franklin,Purchasing,Analytical,16.0,2,54,1,3,8.0,type2,3.0,0.4956
1705,EID_7671,M,62.0,3,Single,Clinton,Operarions,Behavioral,40.0,1,49,1,1,6.0,type3,2.0,0.6367
1713,EID_15912,F,30.0,3,Married,Springfield,Sales,Analytical,6.0,3,66,1,3,9.0,type2,3.0,0.5188
1717,EID_14958,F,27.0,2,Single,Lebanon,Logistics,Directive,5.0,4,28,0,2,6.0,type4,1.0,0.6259
1738,EID_24528,M,47.0,4,Single,Lebanon,Operarions,Directive,24.0,2,55,1,3,8.0,type2,2.0,0.5066
1756,EID_19081,F,19.0,1,Single,Washington,Logistics,Analytical,0.0,0,49,1,1,8.0,type2,4.0,0.6315
1800,EID_2599,F,62.0,3,Single,Clinton,R&D,Analytical,29.0,1,29,1,4,4.0,type2,1.0,0.5347
1808,EID_8444,M,59.0,1,Single,Franklin,IT,Directive,10.0,3,58,1,3,10.0,type2,2.0,0.6304
1825,EID_9860,F,41.0,2,Married,Washington,Accounting and Finance,Directive,12.0,3,61,1,2,6.0,type2,1.0,0.7512
1845,EID_25023,M,37.0,4,Married,Franklin,Human Resource Management,Conceptual,0.0,0,66,0,2,1.0,type3,1.0,0.7346
1856,EID_22643,M,31.0,3,Married,Springfield,IT,Behavioral,8.0,4,23,2,5,6.0,type2,3.0,0.752
1880,EID_11781,F,32.0,4,Single,Springfield,Marketing,Analytical,9.0,3,31,0,5,8.0,type3,1.0,0.7822
1882,EID_1825,M,64.0,4,Single,Franklin,R&D,Analytical,35.0,2,41,1,3,8.0,type2,1.0,0.7505
1885,EID_23364,M,60.0,4,Single,Lebanon,Sales,Conceptual,23.0,2,68,1,1,5.0,type1,1.0,0.8526
1910,EID_23365,F,60.0,4,Single,Springfield,Human Resource Management,Conceptual,31.0,3,51,1,4,6.0,type2,2.0,0.6934
1911,EID_3991,M,53.0,3,Married,Clinton,R&D,Behavioral,20.0,2,27,2,2,7.0,type3,1.0,0.9522
1944,EID_6096,F,37.0,4,Single,Lebanon,R&D,Behavioral,17.0,2,73,1,2,8.0,type1,3.0,0.6627
1945,EID_8218,F,65.0,4,Married,Springfield,IT,Conceptual,28.0,4,22,1,2,5.0,type2,2.0,0.5541
1957,EID_16189,F,26.0,4,Married,Clinton,Logistics,Conceptual,4.0,4,73,1,3,8.0,type2,1.0,0.8901
1974,EID_23841,F,19.0,4,Single,Springfield,IT,Conceptual,0.0,0,42,0,2,6.0,type3,2.0,0.7798
1984,EID_17819,M,21.0,3,Married,Washington,R&D,Conceptual,2.0,2,53,1,1,6.0,type2,1.0,0.562
2001,EID_6525,M,44.0,2,Married,Washington,Accounting and Finance,Behavioral,19.0,4,37,1,2,5.0,type3,2.0,0.9688
2009,EID_22178,F,19.0,4,Single,Franklin,R&D,Conceptual,0.0,0,64,2,3,6.0,type3,3.0,0.4898
2026,EID_10522,F,44.0,1,Single,Franklin,Logistics,Behavioral,9.0,3,69,0,3,5.0,type0,3.0,0.5482
2045,EID_15717,M,26.0,3,Single,Lebanon,Logistics,Analytical,3.0,3,71,1,3,8.0,type2,3.0,0.8402
2053,EID_18217,M,22.0,4,Married,Springfield,Operarions,Conceptual,3.0,2,59,2,3,9.0,type3,2.0,0.8558
2067,EID_5483,F,65.0,1,Married,Lebanon,IT,Conceptual,39.0,3,57,0,2,8.0,type2,2.0,0.4912
2074,EID_2608,F,62.0,4,Married,Franklin,Logistics,Conceptual,32.0,4,69,1,3,7.0,type2,2.0,0.6403
2093,EID_25527,M,32.0,4,Married,Washington,Logistics,Analytical,9.0,1,38,1,4,5.0,type2,2.0,0.639
2117,EID_11011,M,34.0,3,Single,Franklin,Sales,Behavioral,6.0,4,47,0,2,4.0,type4,1.0,0.9143
2122,EID_3381,M,59.0,1,Single,Springfield,R&D,Conceptual,24.0,4,26,1,3,4.0,type2,3.0,0.5295
2139,EID_6759,F,47.0,3,Married,Washington,IT,Directive,18.0,3,70,0,3,4.0,type2,2.0,0.5773
2190,EID_24965,F,19.0,3,Single,Franklin,R&D,Conceptual,0.0,0,23,2,3,7.0,type3,3.0,0.6712
2195,EID_25908,F,47.0,1,Single,Washington,Accounting and Finance,Conceptual,10.0,4,47,1,5,8.0,type2,2.0,0.7177
2198,EID_12183,F,34.0,4,Single,Franklin,Logistics,Analytical,9.0,2,58,0,4,7.0,type2,2.0,0.5313
2212,EID_13247,M,31.0,1,Married,Franklin,IT,Directive,6.0,4,60,1,1,4.0,type2,3.0,0.7941
2213,EID_6536,M,48.0,1,Single,Lebanon,Production,Directive,18.0,3,26,0,3,2.0,type3,1.0,0.6074
2218,EID_5585,F,55.0,4,Single,Lebanon,Production,Conceptual,23.0,1,34,1,5,8.0,type2,3.0,0.487
2237,EID_2176,F,54.0,5,Married,Lebanon,R&D,Conceptual,32.0,1,66,1,3,4.0,type2,4.0,0.9242
2239,EID_20688,F,32.0,4,Married,Franklin,R&D,Directive,3.0,3,31,0,3,4.0,type2,1.0,0.8953
2247,EID_2216,M,63.0,3,Married,Springfield,Operarions,Directive,31.0,2,24,1,4,9.0,type3,4.0,0.8728
2271,EID_20374,M,42.0,3,Single,Washington,Human Resource Management,Analytical,10.0,2,58,0,1,5.0,type3,4.0,0.8351
2278,EID_10967,M,43.0,3,Single,Lebanon,Accounting and Finance,Directive,12.0,1,50,2,3,2.0,type2,2.0,0.599
2306,EID_7940,F,59.0,3,Married,Franklin,Marketing,Conceptual,21.0,3,32,1,3,6.0,type2,2.0,0.5283
2335,EID_15557,F,26.0,4,Married,Springfield,R&D,Analytical,3.0,1,39,0,3,3.0,type2,1.0,0.7161
2354,EID_24161,F,25.0,2,Married,Franklin,Operarions,Analytical,6.0,4,68,1,3,4.0,type3,2.0,0.6471
2356,EID_4753,M,48.0,1,Married,Lebanon,Marketing,Behavioral,10.0,2,67,0,2,5.0,type3,3.0,0.6289
2368,EID_24517,M,35.0,3,Single,Franklin,IT,Analytical,7.0,4,53,0,5,5.0,type2,2.0,0.5311
2383,EID_6191,M,49.0,4,Single,Lebanon,Operarions,Conceptual,13.0,1,47,2,1,6.0,type0,5.0,0.8261
2412,EID_12665,M,33.0,2,Married,Franklin,Accounting and Finance,Directive,10.0,4,61,0,2,5.0,type2,3.0,0.6075
2413,EID_8777,M,65.0,3,Single,Springfield,Logistics,Conceptual,30.0,4,69,0,5,7.0,type3,1.0,0.7915
2438,EID_1174,M,61.0,1,Married,Lebanon,Human Resource Management,Conceptual,10.0,2,29,2,5,7.0,type2,1.0,0.6858
2462,EID_8008,F,60.0,3,Married,Springfield,IT,Behavioral,23.0,2,55,1,5,4.0,type2,2.0,0.6941
2473,EID_12261,F,34.0,3,Married,Springfield,Human Resource Management,Conceptual,10.0,2,38,0,1,3.0,type3,1.0,0.5636
2504,EID_7253,F,42.0,3,Married,Clinton,Logistics,Conceptual,9.0,4,27,0,2,5.0,type2,3.0,0.8725
2529,EID_5632,F,46.0,3,Married,Clinton,Operarions,Analytical,18.0,2,36,1,3,6.0,type0,2.0,0.5721
2536,EID_18923,M,21.0,3,Married,Lebanon,Purchasing,Conceptual,2.0,1,22,1,3,8.0,type2,3.0,0.5565
2543,EID_18761,F,22.0,5,Single,Lebanon,Sales,Analytical,3.0,1,41,0,1,6.0,type0,1.0,0.5982
2566,EID_1356,F,65.0,5,Single,Springfield,Logistics,Behavioral,37.0,2,32,0,3,6.0,type4,4.0,0.7476
2568,EID_3166,F,51.0,2,Married,Franklin,Logistics,Analytical,14.0,1,64,1,5,6.0,type2,2.0,0.969
2570,EID_8644,F,60.0,3,Single,Springfield,IT,Directive,34.0,2,55,1,3,7.0,type2,4.0,0.4993
2581,EID_1500,M,60.0,3,Married,Washington,Logistics,Directive,24.0,2,34,1,2,6.0,type2,3.0,0.7132
2582,EID_10797,M,37.0,3,Married,Lebanon,Logistics,Analytical,17.0,4,42,1,3,2.0,type4,2.0,0.7408
2592,EID_3350,F,51.0,3,Single,Lebanon,IT,Analytical,22.0,4,32,1,2,8.0,type2,1.0,0.8217
2602,EID_23432,M,35.0,1,Married,Springfield,Operarions,Analytical,13.0,1,64,1,3,8.0,type3,2.0,0.776
2624,EID_7811,M,41.0,3,Married,Lebanon,Marketing,Directive,9.0,4,63,0,4,7.0,type3,4.0,0.5993
2627,EID_23856,F,30.0,3,Married,Lebanon,Sales,Behavioral,6.0,2,21,0,2,8.0,type2,3.0,0.715
2631,EID_17178,M,21.0,3,Married,Franklin,Sales,Analytical,2.0,1,66,2,4,7.0,type2,3.0,0.9391
2644,EID_15885,M,30.0,1,Married,Springfield,IT,Behavioral,6.0,2,30,2,3,6.0,type1,2.0,0.9794
2647,EID_7669,M,60.0,4,Single,Clinton,Sales,Conceptual,34.0,2,71,2,3,4.0,type2,3.0,0.9612
2671,EID_12591,F,38.0,4,Married,Lebanon,Logistics,Conceptual,12.0,1,31,1,2,4.0,type3,3.0,0.9194
2695,EID_22292,F,22.0,4,Single,Washington,Operarions,Behavioral,3.0,2,62,1,3,8.0,type2,2.0,0.7741
2714,EID_18134,F,21.0,4,Married,Washington,Quality,Directive,2.0,1,25,2,2,4.0,type2,1.0,0.9572
2716,EID_24845,F,31.0,3,Married,Clinton,Human Resource Management,Directive,3.0,1,32,0,3,9.0,type2,1.0,0.9315
2723,EID_11471,M,42.0,3,Single,Lebanon,Accounting and Finance,Directive,15.0,1,20,2,2,7.0,type4,1.0,0.6398
2724,EID_3175,F,51.0,5,Single,Lebanon,Production,Behavioral,21.0,4,34,1,1,6.0,type3,3.0,0.993
2745,EID_1863,F,55.0,4,Married,Franklin,Logistics,Analytical,27.0,4,21,1,4,2.0,type3,4.0,0.9795
2747,EID_19735,M,47.0,5,Married,Lebanon,Logistics,Behavioral,24.0,2,55,1,2,8.0,type2,4.0,0.7847
2749,EID_14402,F,37.0,3,Single,Clinton,Sales,Directive,3.0,3,68,1,2,8.0,type2,2.0,0.7239
2773,EID_25205,M,32.0,1,Married,Lebanon,R&D,Analytical,5.0,4,24,1,3,5.0,type2,3.0,0.6675
2777,EID_22364,F,42.0,5,Single,Springfield,IT,Conceptual,12.0,3,69,0,2,3.0,type2,2.0,0.9821
2801,EID_5676,M,50.0,3,Married,Washington,Operarions,Directive,16.0,4,29,1,2,5.0,type2,2.0,0.8
2804,EID_10081,F,36.0,4,Married,Franklin,IT,Directive,14.0,2,68,1,1,4.0,type2,2.0,0.8699
2833,EID_21781,F,37.0,3,Single,Lebanon,Sales,Behavioral,0.0,0,28,0,2,4.0,type2,1.0,0.6071
2849,EID_20399,M,52.0,3,Married,Franklin,Logistics,Analytical,18.0,1,64,2,3,7.0,type2,1.0,0.5142
2871,EID_19331,M,21.0,2,Married,Franklin,Logistics,Conceptual,2.0,1,70,2,5,4.0,type2,3.0,0.8729
2889,EID_16159,F,26.0,4,Married,Washington,Operarions,Analytical,2.0,2,44,2,4,6.0,type4,4.0,0.8273
2894,EID_4637,F,57.0,4,Married,Franklin,R&D,Analytical,31.0,4,41,0,3,8.0,type2,1.0,0.5672
2908,EID_8092,F,49.0,3,Married,Lebanon,R&D,Directive,10.0,3,36,2,2,6.0,type2,3.0,0.5007
2910,EID_19824,F,47.0,2,Married,Franklin,Accounting and Finance,Conceptual,11.0,1,71,0,3,8.0,type3,4.0,0.7733
2911,EID_2066,M,58.0,4,Married,Franklin,R&D,Directive,19.0,4,47,0,2,9.0,type2,2.0,0.5815
2920,EID_21331,F,42.0,2,Married,Springfield,IT,Analytical,4.0,2,32,0,2,6.0,type4,4.0,0.6613
2939,EID_2738,M,56.0,1,Married,Springfield,IT,Conceptual,21.0,1,21,1,3,7.0,type3,1.0,0.7055
2947,EID_25519,M,54.0,2,Married,Springfield,R&D,Directive,27.0,3,59,1,2,5.0,type2,1.0,0.657
2959,EID_8983,M,43.0,3,Married,Clinton,Purchasing,Analytical,5.0,3,66,1,3,8.0,type2,2.0,0.5332
2961,EID_3403,F,54.0,3,Single,Clinton,R&D,Conceptual,21.0,4,68,0,2,2.0,type2,2.0,0.7364
2967,EID_17071,F,22.0,3,Married,Clinton,Purchasing,Behavioral,3.0,3,73,0,3,8.0,type2,1.0,0.7505
3011,EID_5280,M,65.0,3,Single,Springfield,Marketing,Behavioral,42.0,4,21,1,3,7.0,type2,1.0,0.5539
3027,EID_19365,M,20.0,3,Married,Franklin,Sales,Analytical,1.0,1,53,0,1,3.0,type4,5.0,0.9513
3034,EID_22057,F,47.0,1,Single,Washington,Sales,Directive,8.0,4,54,1,3,4.0,type3,1.0,0.9957
3037,EID_14250,F,29.0,4,Single,Franklin,R&D,Behavioral,6.0,1,64,1,4,2.0,type1,1.0,0.5983
3059,EID_11135,M,33.0,2,Married,Lebanon,Logistics,Conceptual,7.0,4,39,1,2,4.0,type3,2.0,0.5735
3068,EID_15076,M,25.0,4,Single,Lebanon,Purchasing,Conceptual,6.0,1,28,1,2,7.0,type3,3.0,0.5539
3070,EID_1243,F,58.0,4,Single,Lebanon,IT,Directive,31.0,3,58,1,1,8.0,type3,3.0,0.9307
3081,EID_5086,F,51.0,5,Married,Springfield,Human Resource Management,Directive,27.0,3,22,1,4,7.0,type2,3.0,0.4819
3088,EID_13558,M,27.0,3,Single,Clinton,IT,Analytical,3.0,1,66,1,5,7.0,type1,1.0,0.4901
3096,EID_13449,F,31.0,3,Married,Lebanon,Sales,Behavioral,3.0,2,73,0,4,9.0,type4,1.0,0.5864
3103,EID_18203,M,21.0,2,Single,Springfield,IT,Analytical,2.0,2,65,2,2,8.0,type2,1.0,0.5429
3109,EID_15613,F,26.0,3,Married,Springfield,Purchasing,Behavioral,2.0,1,24,1,5,9.0,type3,1.0,0.6248
3117,EID_11549,F,32.0,3,Married,Lebanon,Human Resource Management,Analytical,10.0,4,58,2,1,5.0,type3,3.0,0.9776
3119,EID_9240,F,47.0,5,Married,Washington,IT,Directive,13.0,3,44,1,2,6.0,type2,1.0,0.541
3121,EID_5934,F,62.0,3,Married,Springfield,Purchasing,Behavioral,39.0,3,50,1,5,6.0,type3,2.0,0.6744
3122,EID_18137,F,21.0,3,Single,Lebanon,Sales,Analytical,2.0,1,71,1,2,6.0,type2,2.0,0.6569
3125,EID_15865,F,27.0,3,Single,Clinton,R&D,Conceptual,4.0,1,35,0,3,6.0,type0,1.0,0.906
3128,EID_15505,F,27.0,3,Married,Washington,Logistics,Behavioral,3.0,2,25,1,2,5.0,type4,1.0,0.4855
3148,EID_6319,F,53.0,3,Married,Springfield,Logistics,Analytical,28.0,3,66,0,4,6.0,type2,3.0,0.6504
3196,EID_9267,M,38.0,3,Married,Lebanon,Human Resource Management,Analytical,14.0,3,66,1,2,4.0,type2,3.0,0.8333
3205,EID_2557,M,57.0,1,Single,Lebanon,Operarions,Directive,35.0,1,38,1,1,4.0,type3,1.0,0.7447
3222,EID_17715,F,25.0,3,Married,Clinton,Operarions,Conceptual,6.0,4,51,1,1,6.0,type2,4.0,0.9538
3238,EID_22012,M,37.0,3,Single,Springfield,Sales,Directive,10.0,2,74,1,4,6.0,type2,4.0,0.7726
3250,EID_25874,F,54.0,5,Single,Lebanon,Sales,Directive,17.0,2,29,0,1,5.0,type2,1.0,0.5473
3254,EID_18243,M,24.0,4,Married,Springfield,Sales,Conceptual,5.0,1,24,2,5,8.0,type2,4.0,0.5471
3257,EID_25816,F,25.0,1,Married,Lebanon,Logistics,Directive,6.0,4,61,2,3,6.0,type3,2.0,0.5998
3273,EID_6345,M,44.0,5,Married,Washington,IT,Analytical,13.0,4,57,0,2,4.0,type2,3.0,0.5765
3287,EID_10133,M,45.0,1,Single,Lebanon,Quality,Conceptual,10.0,2,38,1,2,9.0,type2,1.0,0.6519
3289,EID_7944,M,41.0,3,Married,Clinton,IT,Conceptual,3.0,2,21,2,3,4.0,type2,4.0,0.7388
3290,EID_20534,F,22.0,4,Married,Washington,Purchasing,Directive,3.0,2,47,1,5,8.0,type3,2.0,0.6753
3305,EID_17138,F,22.0,4,Married,Franklin,Sales,Directive,3.0,2,32,0,5,8.0,type3,1.0,0.9385
3319,EID_14036,F,34.0,3,Married,Franklin,Logistics,Behavioral,12.0,4,41,1,4,7.0,type2,3.0,0.5199
3321,EID_17392,M,22.0,5,Married,Lebanon,Sales,Analytical,3.0,3,49,1,4,4.0,type2,3.0,0.9429
3329,EID_17065,F,22.0,2,Single,Franklin,R&D,Directive,3.0,2,20,0,5,4.0,type2,4.0,0.6728
3345,EID_7828,F,45.0,4,Married,Springfield,Operarions,Behavioral,13.0,1,32,1,1,8.0,type3,3.0,0.5377
3366,EID_9008,M,39.0,3,Married,Franklin,R&D,Conceptual,10.0,2,63,1,1,5.0,type2,2.0,0.9033
3374,EID_20062,F,19.0,2,Married,Franklin,R&D,Analytical,0.0,0,37,2,4,6.0,type2,3.0,0.6996
3377,EID_25977,M,19.0,3,Married,Franklin,Sales,Directive,0.0,0,62,0,4,4.0,type2,4.0,0.7984
3378,EID_20371,F,35.0,3,Married,Franklin,Logistics,Analytical,9.0,2,46,1,2,3.0,type2,3.0,0.9462
3379,EID_9440,F,61.0,3,Married,Springfield,IT,Behavioral,24.0,4,34,0,3,9.0,type0,2.0,0.6407
3393,EID_10978,F,34.0,4,Single,Clinton,Production,Behavioral,9.0,2,47,1,4,4.0,type3,1.0,0.8805
3400,EID_3035,M,60.0,3,Married,Lebanon,IT,Directive,38.0,2,61,1,2,6.0,type0,1.0,0.5771
3401,EID_2434,M,57.0,2,Single,Lebanon,Sales,Conceptual,18.0,3,52,0,2,6.0,type3,1.0,0.6095
3408,EID_24334,M,31.0,3,Married,Washington,Operarions,Analytical,2.0,2,42,0,5,9.0,type3,2.0,0.7401
3410,EID_3157,F,51.0,3,Single,Springfield,Accounting and Finance,Analytical,12.0,3,70,1,2,8.0,type2,1.0,0.5293
3417,EID_24715,F,28.0,1,Single,Franklin,R&D,Directive,4.0,4,61,1,1,8.0,type3,3.0,0.9361
3422,EID_21804,F,47.0,4,Single,Lebanon,Logistics,Behavioral,15.0,1,65,1,3,6.0,type2,2.0,0.9959
3437,EID_13896,F,35.0,1,Married,Springfield,Production,Analytical,7.0,2,39,1,4,2.0,type3,5.0,0.6109
3450,EID_24960,F,31.0,3,Single,Springfield,Purchasing,Analytical,7.0,4,31,1,3,2.0,type3,3.0,0.8989
3499,EID_15300,F,27.0,4,Married,Lebanon,IT,Directive,3.0,2,33,1,5,5.0,type3,1.0,0.7109
3506,EID_17261,M,23.0,1,Married,Washington,R&D,Behavioral,4.0,4,33,0,2,9.0,type0,1.0,0.5309
3511,EID_4969,M,47.0,4,Single,Franklin,R&D,Conceptual,15.0,3,54,0,2,8.0,type3,1.0,0.5004
3519,EID_22385,F,54.0,5,Single,Washington,Security,Conceptual,15.0,1,51,0,5,5.0,type2,4.0,0.5371
3522,EID_12700,M,38.0,4,Married,Franklin,Logistics,Analytical,10.0,3,20,1,2,6.0,type4,4.0,0.738
3528,EID_8269,M,49.0,4,Married,Lebanon,Sales,Analytical,13.0,1,73,1,4,5.0,type2,1.0,0.7107
3538,EID_13849,M,30.0,3,Married,Springfield,Logistics,Behavioral,6.0,1,37,2,2,3.0,type2,5.0,0.7912
3543,EID_6599,M,53.0,4,Single,Springfield,Accounting and Finance,Behavioral,26.0,4,31,1,1,5.0,type1,2.0,0.6284
3568,EID_13081,F,37.0,3,Single,Clinton,Sales,Conceptual,12.0,3,43,1,3,6.0,type3,2.0,0.7922
3570,EID_13086,F,28.0,1,Single,Franklin,Operarions,Analytical,4.0,1,40,1,2,6.0,type2,3.0,0.8497
3594,EID_16128,F,29.0,4,Married,Washington,Logistics,Conceptual,6.0,1,50,1,3,9.0,type3,2.0,0.7349
3598,EID_16234,F,23.0,4,Single,Springfield,IT,Analytical,4.0,4,46,0,4,8.0,type2,3.0,0.4934
3602,EID_16850,F,27.0,4,Single,Springfield,Accounting and Finance,Conceptual,3.0,2,71,1,5,5.0,type2,3.0,0.77
3605,EID_4309,M,65.0,4,Married,Lebanon,Sales,Directive,42.0,3,43,1,3,6.0,type3,1.0,0.6305
3648,EID_7134,F,43.0,3,Married,Lebanon,IT,Behavioral,19.0,2,28,2,2,8.0,type2,2.0,0.6516
3669,EID_15056,F,32.0,4,Married,Franklin,Purchasing,Conceptual,7.0,4,59,2,1,5.0,type3,3.0,0.677
3675,EID_24886,F,28.0,4,Married,Washington,Production,Directive,6.0,2,72,1,4,10.0,type2,1.0,0.7534
3681,EID_9168,M,47.0,4,Single,Franklin,R&D,Analytical,25.0,2,33,1,5,9.0,type4,4.0,0.9138
3685,EID_5891,M,49.0,2,Married,Lebanon,Quality,Directive,25.0,2,54,0,5,8.0,type2,3.0,0.4897
3697,EID_8518,M,60.0,5,Single,Lebanon,Quality,Directive,34.0,1,62,0,1,5.0,type2,1.0,0.6559
3700,EID_18992,M,22.0,3,Married,Springfield,Sales,Analytical,3.0,3,32,1,2,4.0,type2,2.0,0.714
3730,EID_5033,F,56.0,5,Single,Lebanon,Sales,Conceptual,26.0,2,59,1,2,7.0,type2,3.0,0.6964
3740,EID_3849,F,58.0,3,Single,Franklin,Logistics,Analytical,30.0,2,69,1,4,5.0,type2,3.0,0.7799
3760,EID_3056,F,37.0,5,Married,Springfield,IT,Analytical,32.0,4,68,1,5,8.0,type2,4.0,0.6363
3777,EID_13589,M,36.0,4,Married,Franklin,IT,Directive,9.0,1,41,1,3,,type2,3.0,0.8597
3790,EID_4019,M,49.0,1,Married,Lebanon,Operarions,Conceptual,10.0,2,30,1,4,4.0,type0,3.0,0.8568
3791,EID_17821,M,23.0,3,Married,Lebanon,R&D,Conceptual,4.0,2,62,2,1,7.0,type2,4.0,0.7547
3802,EID_11984,M,31.0,4,Married,Washington,Accounting and Finance,Directive,9.0,1,55,0,2,6.0,type2,1.0,0.7982
3806,EID_1604,F,60.0,3,Married,Springfield,Accounting and Finance,Analytical,27.0,2,46,1,3,8.0,type2,1.0,0.5041
3815,EID_15200,F,28.0,4,Single,Springfield,Purchasing,Behavioral,6.0,2,36,2,2,2.0,type2,4.0,0.5837
3823,EID_21595,F,27.0,5,Married,Lebanon,Purchasing,Behavioral,3.0,1,70,1,2,5.0,type2,4.0,0.5484
3836,EID_3729,F,54.0,3,Married,Clinton,Security,Analytical,25.0,3,35,0,3,2.0,type3,3.0,0.6853
3838,EID_12414,F,32.0,1,Single,Franklin,IT,Directive,9.0,1,30,0,2,5.0,type3,2.0,0.9345
3843,EID_5639,F,55.0,5,Single,Franklin,Operarions,Directive,23.0,3,67,1,1,7.0,type3,3.0,0.5119
3844,EID_12377,F,30.0,5,Married,Lebanon,Accounting and Finance,Behavioral,10.0,4,44,0,1,4.0,type3,4.0,0.4984
3852,EID_13855,F,30.0,3,Married,Springfield,Human Resource Management,Analytical,8.0,2,20,1,4,4.0,type2,3.0,0.952
3881,EID_6859,M,43.0,3,Married,Franklin,R&D,Directive,4.0,2,69,2,4,6.0,type2,4.0,0.5404
3909,EID_25639,F,60.0,3,Married,Springfield,R&D,Behavioral,31.0,1,53,1,4,5.0,type2,2.0,0.6226
3920,EID_22564,M,19.0,4,Married,Washington,Operarions,Analytical,0.0,0,74,0,2,10.0,type3,3.0,0.9743
3921,EID_19568,F,42.0,4,Married,Lebanon,Marketing,Conceptual,4.0,4,58,2,1,10.0,type3,2.0,0.7477
3928,EID_16604,F,25.0,3,Single,Springfield,Purchasing,Analytical,6.0,1,37,1,1,7.0,type2,4.0,0.7254
3938,EID_4459,M,48.0,3,Single,Lebanon,Security,Directive,19.0,4,26,1,4,2.0,type4,1.0,0.8625
3940,EID_14140,M,25.0,3,Single,Springfield,Purchasing,Behavioral,6.0,1,21,0,2,7.0,type2,4.0,0.7612
3971,EID_20332,M,52.0,3,Married,Springfield,Operarions,Behavioral,18.0,4,65,1,2,2.0,type3,3.0,0.7915
3988,EID_10617,M,39.0,3,Married,Franklin,IT,Behavioral,11.0,3,48,1,3,9.0,type2,3.0,0.768
3991,EID_14833,M,37.0,2,Married,Washington,IT,Conceptual,8.0,3,46,2,2,7.0,type2,4.0,0.4931
3996,EID_9677,M,59.0,2,Married,Franklin,IT,Directive,27.0,4,65,1,3,5.0,type3,3.0,0.5025
4007,EID_23553,M,60.0,5,Married,Washington,Sales,Analytical,30.0,4,69,1,3,5.0,type2,3.0,0.5028
4036,EID_8860,F,58.0,1,Single,Springfield,IT,Behavioral,29.0,2,28,1,2,5.0,type2,2.0,0.5473
4037,EID_10389,M,35.0,4,Married,Lebanon,Human Resource Management,Directive,11.0,4,69,1,4,2.0,type2,1.0,0.4828
4042,EID_10998,M,38.0,3,Married,Franklin,IT,Directive,16.0,2,24,1,2,9.0,type2,1.0,0.7032
4048,EID_18294,F,24.0,4,Married,Springfield,Accounting and Finance,Directive,5.0,2,56,0,3,3.0,type3,2.0,0.7086
4084,EID_22688,F,27.0,4,Single,Springfield,R&D,Behavioral,3.0,3,73,1,3,6.0,type2,4.0,0.7389
4127,EID_18305,F,20.0,3,Married,Washington,Accounting and Finance,Behavioral,1.0,1,69,1,1,1.0,type3,4.0,0.764
4151,EID_16018,F,26.0,4,Single,Springfield,Sales,Behavioral,3.0,3,50,0,3,5.0,type2,1.0,0.4911
4164,EID_9046,F,61.0,2,Married,Clinton,IT,Behavioral,27.0,4,23,1,2,4.0,type3,4.0,0.5871
4165,EID_2834,F,56.0,3,Married,Lebanon,R&D,Analytical,20.0,1,26,1,1,7.0,type2,1.0,0.9178
4172,EID_5905,F,54.0,5,Married,Springfield,Sales,Analytical,19.0,1,36,1,3,4.0,type3,3.0,0.6505
4190,EID_19719,M,52.0,2,Single,Lebanon,Logistics,Conceptual,28.0,4,31,1,2,3.0,type2,3.0,0.5205
4201,EID_3459,F,59.0,3,Married,Washington,Sales,Directive,22.0,4,41,1,5,9.0,type2,3.0,0.6582
4205,EID_23867,F,26.0,3,Single,Franklin,Logistics,Conceptual,2.0,2,33,1,3,6.0,type2,3.0,0.7371
4210,EID_1469,F,56.0,3,Single,Springfield,Sales,Behavioral,33.0,4,74,1,1,8.0,type2,1.0,0.6463
4235,EID_4083,F,54.0,4,Single,Lebanon,Human Resource Management,Behavioral,15.0,2,73,1,5,2.0,type2,3.0,0.7301
4241,EID_13495,M,27.0,3,Married,Franklin,Logistics,Directive,3.0,1,42,1,2,8.0,type2,4.0,0.5465
4248,EID_11229,F,33.0,3,Married,Washington,Operarions,Directive,11.0,2,60,1,2,5.0,type3,1.0,0.4828
4251,EID_8918,F,39.0,4,Married,Springfield,Marketing,Directive,13.0,3,25,0,4,5.0,type2,4.0,0.5757
4253,EID_1730,M,59.0,5,Married,Franklin,Purchasing,Analytical,31.0,2,50,0,1,8.0,type2,3.0,0.691
4268,EID_9574,M,46.0,1,Married,Lebanon,Sales,Directive,16.0,1,44,0,4,9.0,type2,5.0,0.5901
4269,EID_24792,F,26.0,3,Married,Clinton,IT,Conceptual,4.0,1,30,1,2,8.0,type3,2.0,0.729
4281,EID_14488,M,28.0,1,Married,Washington,Accounting and Finance,Analytical,6.0,2,20,0,3,5.0,type3,2.0,0.6454
4282,EID_21503,M,31.0,3,Single,Franklin,IT,Directive,7.0,4,22,1,2,6.0,type2,4.0,0.6192
4286,EID_19488,M,35.0,4,Married,Lebanon,Operarions,Analytical,11.0,1,57,1,2,6.0,type2,4.0,0.4829
4290,EID_7522,F,65.0,1,Married,Franklin,Sales,Behavioral,32.0,2,56,2,1,8.0,type2,3.0,0.5331
4302,EID_11142,F,42.0,3,Single,Franklin,R&D,Conceptual,8.0,1,47,1,3,4.0,type2,4.0,0.6499
4315,EID_6018,F,37.0,2,Married,Lebanon,R&D,Behavioral,21.0,3,43,0,4,5.0,type3,2.0,0.5928
4320,EID_14773,M,29.0,3,Married,Springfield,Marketing,Directive,10.0,4,34,1,2,6.0,type3,1.0,0.6792
4347,EID_8605,F,37.0,4,Married,Washington,Accounting and Finance,Conceptual,19.0,1,25,1,5,9.0,type2,2.0,0.7023
4416,EID_18476,M,21.0,5,Married,Springfield,Quality,Analytical,2.0,2,54,0,3,8.0,type3,3.0,0.5593
4418,EID_7419,M,42.0,3,Married,Springfield,IT,Analytical,13.0,3,21,1,5,1.0,type2,1.0,0.5857
4419,EID_11627,F,32.0,1,Married,Franklin,Human Resource Management,Directive,6.0,3,42,0,3,8.0,type3,2.0,0.6618
4424,EID_9985,F,37.0,3,Married,Springfield,Operarions,Directive,12.0,2,38,1,3,5.0,type2,1.0,0.5718
4439,EID_7682,F,50.0,4,Single,Clinton,Accounting and Finance,Conceptual,24.0,3,32,2,1,7.0,type2,1.0,0.528
4440,EID_5760,M,48.0,3,Married,Lebanon,Production,Conceptual,25.0,3,37,1,3,7.0,type3,2.0,0.6069
4465,EID_10774,F,38.0,4,Single,Franklin,Purchasing,Conceptual,11.0,2,40,1,1,5.0,type3,2.0,0.6639
4481,EID_7037,F,65.0,4,Married,Springfield,Human Resource Management,Conceptual,40.0,4,48,1,2,7.0,type3,2.0,0.7405
4482,EID_21752,F,22.0,3,Married,Washington,Accounting and Finance,Conceptual,3.0,2,51,1,4,4.0,type2,3.0,0.7107
4483,EID_10183,F,36.0,4,Married,Franklin,IT,Conceptual,12.0,3,46,1,5,5.0,type3,4.0,0.5015
4532,EID_19982,F,30.0,4,Single,Lebanon,Production,Behavioral,8.0,4,59,1,4,2.0,type2,1.0,0.5131
4537,EID_17905,F,22.0,3,Single,Lebanon,Marketing,Analytical,3.0,3,62,1,4,5.0,type2,4.0,0.572
4538,EID_3651,F,50.0,3,Single,Springfield,Sales,Behavioral,15.0,2,41,0,3,5.0,type2,4.0,0.5178
4551,EID_13226,M,31.0,3,Married,Springfield,Quality,Directive,2.0,2,56,1,2,1.0,type3,3.0,0.5504
4557,EID_3923,F,49.0,3,Married,Lebanon,R&D,Analytical,13.0,3,73,0,3,8.0,type3,3.0,0.7465
4575,EID_7081,M,43.0,4,Married,Washington,Quality,Directive,7.0,1,30,0,4,7.0,type3,1.0,0.5364
4582,EID_25281,F,19.0,3,Married,Springfield,IT,Analytical,0.0,0,25,1,4,4.0,type0,2.0,0.7035
4589,EID_7897,F,65.0,1,Single,Washington,IT,Directive,29.0,4,41,0,3,7.0,type2,1.0,0.5659
4598,EID_21506,F,60.0,4,Single,Franklin,Marketing,Directive,26.0,4,56,2,4,8.0,type3,4.0,0.6283
4601,EID_8924,F,39.0,2,Married,Lebanon,IT,Conceptual,14.0,2,50,0,4,7.0,type2,1.0,0.5038
4626,EID_19774,F,54.0,3,Married,Springfield,Sales,Directive,22.0,3,70,1,3,6.0,type3,2.0,0.6903
4627,EID_25856,M,25.0,3,Single,Clinton,IT,Analytical,6.0,4,49,0,2,4.0,type2,3.0,0.5152
4629,EID_2042,F,59.0,5,Married,Springfield,Accounting and Finance,Behavioral,27.0,2,54,0,5,4.0,type2,3.0,0.9052
4635,EID_12866,M,32.0,2,Married,Springfield,R&D,Behavioral,5.0,4,39,1,1,4.0,type2,1.0,0.8782
4650,EID_22840,F,42.0,4,Single,Franklin,Purchasing,Analytical,7.0,4,71,1,1,8.0,type3,1.0,0.9507
4666,EID_14378,F,26.0,3,Single,Lebanon,Logistics,Directive,4.0,3,23,1,4,4.0,type2,4.0,0.9823
4720,EID_23730,F,19.0,5,Married,Springfield,R&D,Directive,0.0,0,52,1,1,8.0,type2,2.0,0.7082
4731,EID_15846,F,30.0,4,Married,Springfield,Operarions,Conceptual,6.0,3,24,1,4,8.0,type2,1.0,0.5001
4732,EID_11004,F,38.0,1,Single,Lebanon,Quality,Behavioral,11.0,4,27,1,2,8.0,type4,3.0,0.8278
4734,EID_19497,M,30.0,1,Single,Springfield,Sales,Conceptual,6.0,3,34,1,3,5.0,type2,1.0,0.7664
4737,EID_16210,F,29.0,3,Married,Springfield,Purchasing,Analytical,7.0,3,60,0,3,8.0,type3,3.0,0.9693
4751,EID_11130,M,42.0,4,Married,Lebanon,IT,Directive,14.0,1,65,1,2,6.0,type3,4.0,0.8356
4763,EID_8893,M,43.0,3,Single,Springfield,Production,Directive,17.0,4,27,0,5,8.0,type2,4.0,0.796
4778,EID_4658,F,57.0,3,Married,Franklin,Logistics,Behavioral,25.0,3,20,0,1,2.0,type2,2.0,0.5807
4810,EID_18882,F,20.0,2,Married,Washington,Logistics,Analytical,1.0,1,68,0,3,9.0,type3,2.0,0.5778
4814,EID_18540,M,21.0,4,Single,Springfield,Security,Conceptual,2.0,2,70,0,5,6.0,type3,1.0,0.7869
4818,EID_22882,F,52.0,4,Married,Springfield,Human Resource Management,Directive,30.0,2,48,2,3,5.0,type2,3.0,0.7086
4846,EID_15367,M,24.0,3,Married,Lebanon,Operarions,Directive,5.0,1,44,0,4,6.0,type2,1.0,0.6488
4853,EID_11864,F,31.0,4,Married,Springfield,Production,Analytical,6.0,4,38,1,2,6.0,type2,3.0,0.7705
4856,EID_21072,M,54.0,4,Married,Clinton,Logistics,Behavioral,15.0,1,70,0,3,6.0,type2,4.0,0.9369
4860,EID_5670,M,50.0,1,Single,Springfield,Operarions,Directive,26.0,2,51,0,4,5.0,type2,1.0,0.5156
4863,EID_4403,M,52.0,3,Married,Franklin,Purchasing,Directive,24.0,2,73,0,3,5.0,type3,2.0,0.5113
4889,EID_17424,M,24.0,2,Married,Springfield,Logistics,Behavioral,10.0,2,61,0,3,4.0,type3,2.0,0.9852
4894,EID_22355,M,60.0,1,Married,Franklin,IT,Behavioral,10.0,4,63,1,4,5.0,type2,5.0,0.7555
4925,EID_22118,F,25.0,5,Married,Lebanon,Accounting and Finance,Directive,6.0,2,26,1,3,5.0,type2,1.0,0.736
4929,EID_15310,F,24.0,4,Single,Washington,IT,Analytical,10.0,3,66,1,5,9.0,type3,3.0,0.4896
4935,EID_19564,M,28.0,2,Married,Washington,Logistics,Conceptual,5.0,4,37,1,3,5.0,type3,2.0,0.6505
4938,EID_15064,F,24.0,3,Single,Springfield,Sales,Conceptual,5.0,3,51,0,4,5.0,type2,5.0,0.5603
4979,EID_11431,F,42.0,1,Single,Washington,Purchasing,Analytical,8.0,4,63,0,4,7.0,type3,3.0,0.6195
4996,EID_5913,M,45.0,3,Single,Franklin,Sales,Conceptual,9.0,1,56,1,1,7.0,type2,1.0,0.6756
4998,EID_12721,M,37.0,3,Married,Lebanon,IT,Directive,11.0,4,42,1,3,6.0,type2,3.0,0.8759
5001,EID_18970,M,37.0,4,Married,Clinton,Quality,Analytical,1.0,1,59,1,3,6.0,type2,3.0,0.5652
5007,EID_4808,M,56.0,3,Single,Lebanon,R&D,Analytical,33.0,2,34,0,1,7.0,type3,1.0,0.5583
5008,EID_7567,M,42.0,3,Married,Clinton,IT,Directive,5.0,4,56,2,1,7.0,type2,1.0,0.7971
5015,EID_11149,M,37.0,5,Married,Lebanon,IT,Analytical,13.0,4,49,0,3,8.0,type2,3.0,0.7583
5041,EID_19970,F,26.0,5,Single,Franklin,Operarions,Conceptual,4.0,2,56,1,3,6.0,type2,1.0,0.5549
5042,EID_17090,F,22.0,3,Married,Washington,Logistics,Behavioral,3.0,3,24,1,1,3.0,type3,4.0,0.597
5046,EID_5220,F,37.0,3,Married,Franklin,Sales,Directive,30.0,4,71,1,3,7.0,type2,3.0,0.6672
5048,EID_4339,F,57.0,4,Married,Lebanon,Security,Analytical,27.0,1,61,1,4,5.0,type4,3.0,0.6915
5060,EID_17632,M,23.0,3,Single,Lebanon,IT,Analytical,4.0,2,58,1,2,8.0,type2,1.0,0.7357
5069,EID_25298,F,26.0,3,Married,Springfield,R&D,Conceptual,4.0,1,56,2,1,10.0,type3,4.0,0.5975
5073,EID_14724,F,29.0,2,Married,Springfield,IT,Behavioral,5.0,3,40,1,3,5.0,type0,1.0,0.6753
5087,EID_4336,F,54.0,1,Single,Lebanon,R&D,Analytical,22.0,4,49,2,2,8.0,type2,3.0,0.8807
5105,EID_13475,F,36.0,2,Single,Lebanon,Operarions,Directive,11.0,1,33,1,3,4.0,type3,2.0,0.7523
5114,EID_15401,M,31.0,4,Single,Franklin,Operarions,Behavioral,6.0,2,68,2,4,1.0,type3,4.0,0.6525
5122,EID_1136,M,57.0,4,Married,Lebanon,R&D,Conceptual,29.0,1,74,1,4,10.0,type2,1.0,0.5457
5133,EID_23896,F,45.0,4,Married,Franklin,Purchasing,Analytical,17.0,2,66,1,3,6.0,type3,5.0,0.991
5141,EID_8439,F,37.0,3,Married,Lebanon,R&D,Analytical,37.0,2,54,0,2,5.0,type3,1.0,0.7704
5162,EID_14937,M,28.0,3,Married,Springfield,R&D,Directive,6.0,4,64,1,2,8.0,type2,2.0,0.976
5170,EID_9863,M,41.0,4,Married,Washington,Logistics,Behavioral,11.0,1,67,1,3,5.0,type2,2.0,0.7203
5178,EID_18386,F,20.0,3,Single,Clinton,Logistics,Directive,1.0,1,74,1,5,6.0,type2,2.0,0.5502
5185,EID_4677,F,52.0,4,Single,Franklin,Logistics,Behavioral,10.0,4,62,2,5,5.0,type2,4.0,0.58
5194,EID_18367,F,21.0,4,Married,Franklin,R&D,Directive,2.0,1,71,1,3,8.0,type3,1.0,0.7554
5209,EID_17970,F,24.0,4,Single,Lebanon,Sales,Behavioral,5.0,4,36,0,3,4.0,type2,1.0,0.682
5239,EID_19104,M,20.0,5,Single,Lebanon,Sales,Directive,1.0,1,57,0,2,6.0,type3,1.0,0.7211
5242,EID_21451,F,54.0,3,Married,Washington,Accounting and Finance,Directive,20.0,1,32,0,3,6.0,type2,3.0,0.7193
5244,EID_21467,M,42.0,3,Single,Lebanon,IT,Directive,14.0,2,50,1,1,4.0,type3,2.0,0.5074
5245,EID_23782,F,32.0,4,Married,Washington,IT,Directive,9.0,4,55,1,2,3.0,type2,2.0,0.5464
5254,EID_10147,F,36.0,1,Married,Clinton,Logistics,Behavioral,12.0,4,35,1,4,2.0,type2,2.0,0.5248
5279,EID_19915,F,27.0,2,Married,Springfield,Sales,Directive,5.0,1,49,0,2,5.0,type3,3.0,0.6203
5297,EID_1193,M,57.0,2,Married,Franklin,Purchasing,Analytical,20.0,2,43,1,1,8.0,type4,3.0,0.9097
5307,EID_17812,F,23.0,3,Married,Franklin,R&D,Analytical,4.0,4,51,0,1,6.0,type2,2.0,0.49
5357,EID_20444,M,25.0,5,Married,Springfield,Production,Conceptual,6.0,3,57,0,2,8.0,type2,2.0,0.7317
5382,EID_19986,F,26.0,2,Married,Franklin,Production,Conceptual,2.0,2,21,0,3,5.0,type2,1.0,0.5605
5395,EID_11496,F,36.0,4,Single,Springfield,R&D,Conceptual,9.0,3,66,0,3,8.0,type2,3.0,0.8995
5411,EID_9007,M,59.0,3,Single,Franklin,R&D,Conceptual,25.0,3,65,1,4,6.0,type2,3.0,0.747
5415,EID_20927,M,47.0,1,Married,Franklin,Sales,Conceptual,19.0,1,41,1,5,4.0,type3,2.0,0.7528
5428,EID_10151,F,45.0,4,Married,Franklin,IT,Analytical,9.0,2,49,1,3,9.0,type2,4.0,0.5871
5434,EID_11767,F,41.0,4,Married,Washington,Sales,Directive,9.0,1,52,1,1,2.0,type2,1.0,0.8628
5436,EID_25340,M,22.0,3,Single,Springfield,IT,Directive,3.0,2,27,1,1,9.0,type2,1.0,0.5026
5441,EID_24317,F,27.0,4,Single,Lebanon,R&D,Directive,10.0,4,42,1,3,4.0,type2,3.0,0.7862
5467,EID_18956,F,21.0,2,Married,Franklin,IT,Analytical,2.0,2,49,0,5,4.0,type3,3.0,0.7407
5470,EID_24538,F,60.0,3,Single,Washington,IT,Conceptual,34.0,1,41,2,4,5.0,type2,2.0,0.5216
5471,EID_16669,F,28.0,2,Married,Lebanon,Sales,Conceptual,5.0,4,55,0,3,1.0,type3,4.0,0.9121
5480,EID_21462,F,31.0,4,Married,Washington,Sales,Analytical,7.0,4,56,1,2,4.0,type3,2.0,0.6963
5500,EID_1936,M,64.0,3,Single,Washington,Accounting and Finance,Conceptual,29.0,4,44,2,1,5.0,type2,1.0,0.7474
5525,EID_2766,M,52.0,4,Married,Springfield,Human Resource Management,Directive,27.0,2,62,0,3,9.0,type2,1.0,0.5053
5528,EID_4924,F,47.0,1,Married,Lebanon,R&D,Conceptual,22.0,4,51,1,2,5.0,type2,2.0,0.9479
5560,EID_20633,F,45.0,5,Married,Lebanon,Operarions,Conceptual,17.0,2,59,0,1,9.0,type3,1.0,0.5022
5561,EID_7664,F,50.0,1,Married,Franklin,Accounting and Finance,Directive,23.0,1,52,1,4,8.0,type2,5.0,0.7465
5565,EID_8788,M,39.0,1,Married,Lebanon,Logistics,Directive,14.0,2,36,1,5,4.0,type3,3.0,0.59
5597,EID_11589,F,41.0,3,Single,Washington,Accounting and Finance,Conceptual,4.0,3,53,1,1,8.0,type1,1.0,0.6779
5634,EID_23251,F,37.0,3,Married,Franklin,Logistics,Behavioral,13.0,1,40,1,3,6.0,type2,1.0,0.6041
5648,EID_8731,F,60.0,3,Married,Washington,Human Resource Management,Behavioral,37.0,3,70,1,2,8.0,type2,3.0,0.7329
5652,EID_10418,M,37.0,3,Married,Clinton,R&D,Behavioral,16.0,1,56,1,3,8.0,type2,3.0,0.5073
5672,EID_4858,F,63.0,3,Married,Franklin,Sales,Analytical,33.0,4,70,1,1,4.0,type2,4.0,0.7219
5681,EID_24761,M,22.0,2,Married,Springfield,Human Resource Management,Analytical,3.0,2,69,1,3,2.0,type3,3.0,0.6102
5694,EID_9332,M,42.0,1,Single,Washington,IT,Conceptual,13.0,4,41,1,2,8.0,type2,2.0,0.621
5701,EID_7875,F,60.0,4,Married,Springfield,IT,Analytical,26.0,2,56,1,1,8.0,type0,3.0,0.6526
5710,EID_9161,F,38.0,3,Single,Lebanon,IT,Analytical,10.0,4,60,1,3,6.0,type3,5.0,0.987
5718,EID_1943,M,59.0,3,Single,Franklin,Accounting and Finance,Directive,36.0,4,71,0,4,6.0,type3,4.0,0.6528
5741,EID_15527,M,37.0,3,Single,Washington,Logistics,Directive,4.0,2,43,1,3,4.0,type3,2.0,0.5305
5748,EID_3822,M,64.0,4,Single,Lebanon,Operarions,Conceptual,38.0,2,63,0,2,4.0,type0,2.0,0.7988
5754,EID_2520,M,62.0,3,Married,Lebanon,Sales,Directive,33.0,3,53,2,1,6.0,type2,3.0,0.7101
5755,EID_22460,F,52.0,4,Single,Washington,Purchasing,Conceptual,10.0,2,71,0,3,6.0,type4,1.0,0.8219
5768,EID_16494,F,22.0,3,Married,Lebanon,Marketing,Behavioral,3.0,3,56,1,4,9.0,type3,3.0,0.7772
5773,EID_24087,M,30.0,3,Married,Franklin,Accounting and Finance,Conceptual,6.0,4,32,1,5,6.0,type2,3.0,0.9201
5774,EID_13330,M,36.0,3,Married,Lebanon,Sales,Directive,10.0,2,66,1,3,5.0,type2,2.0,0.6981
5796,EID_21430,M,37.0,3,Married,Springfield,Quality,Conceptual,22.0,4,69,1,4,7.0,type2,3.0,0.6323
5802,EID_24461,M,27.0,3,Married,Springfield,R&D,Conceptual,4.0,1,36,0,2,7.0,type2,4.0,0.894
5806,EID_20396,M,30.0,4,Married,Springfield,IT,Conceptual,8.0,1,44,0,5,6.0,type2,1.0,0.747
5823,EID_2203,M,37.0,3,Single,Washington,Human Resource Management,Conceptual,19.0,4,46,0,3,7.0,type3,4.0,0.7763
5828,EID_14437,M,29.0,3,Single,Lebanon,IT,Behavioral,6.0,4,59,1,3,6.0,type3,3.0,0.6236
5838,EID_20159,F,26.0,4,Single,Washington,Human Resource Management,Conceptual,2.0,2,34,0,5,6.0,type3,1.0,0.5315
5848,EID_11693,F,32.0,1,Single,Springfield,Logistics,Conceptual,6.0,2,69,1,2,6.0,type2,4.0,0.5824
5850,EID_16016,F,23.0,3,Married,Franklin,Production,Directive,10.0,4,49,0,3,5.0,type2,2.0,0.883
5859,EID_20107,F,60.0,3,Single,Springfield,Operarions,Analytical,32.0,3,44,0,3,10.0,type2,3.0,0.6837
5860,EID_15329,M,37.0,4,Married,Clinton,Production,Behavioral,8.0,2,72,1,3,9.0,type2,3.0,0.6733
5875,EID_8450,M,44.0,4,Married,Springfield,Logistics,Analytical,6.0,3,41,1,3,7.0,type3,3.0,0.7873
5878,EID_9162,M,47.0,2,Single,Franklin,Sales,Conceptual,13.0,3,39,0,4,8.0,type2,3.0,0.9886
5879,EID_15061,M,24.0,4,Married,Washington,Sales,Behavioral,5.0,2,28,0,2,8.0,type3,1.0,0.5447
5881,EID_14727,F,29.0,3,Single,Lebanon,Accounting and Finance,Analytical,5.0,3,38,0,2,6.0,type3,4.0,0.6042
5884,EID_5724,F,50.0,3,Married,Lebanon,Marketing,Directive,15.0,4,47,0,3,4.0,type2,3.0,0.5462
5890,EID_7603,F,41.0,3,Married,Lebanon,Logistics,Behavioral,13.0,4,41,1,5,4.0,type2,3.0,0.5478
5926,EID_15406,F,24.0,3,Married,Lebanon,Sales,Analytical,5.0,2,67,0,3,2.0,type1,1.0,0.9635
5928,EID_16199,M,23.0,3,Single,Springfield,Operarions,Conceptual,4.0,3,45,1,2,10.0,type2,3.0,0.5584
5929,EID_15052,M,24.0,5,Married,Washington,Sales,Directive,5.0,3,22,1,4,9.0,type3,1.0,0.6542
5933,EID_12500,F,30.0,3,Married,Lebanon,Sales,Behavioral,6.0,3,62,1,5,5.0,type3,2.0,0.5681
5935,EID_13289,M,31.0,1,Married,Springfield,R&D,Directive,8.0,1,54,2,4,3.0,type4,3.0,0.9475
5953,EID_6655,F,44.0,2,Married,Lebanon,Sales,Behavioral,17.0,4,34,1,1,9.0,type3,4.0,0.6511
5960,EID_24607,M,27.0,2,Married,Springfield,IT,Directive,5.0,3,55,2,5,4.0,type3,2.0,0.7573
5967,EID_5743,F,46.0,5,Married,Washington,Accounting and Finance,Analytical,15.0,1,29,1,2,6.0,type2,3.0,0.7393
5971,EID_12423,F,39.0,4,Married,Lebanon,Sales,Directive,15.0,4,57,0,3,3.0,type2,4.0,0.9483
5979,EID_16652,F,25.0,3,Married,Springfield,Logistics,Analytical,6.0,2,39,1,3,7.0,type3,2.0,0.7266
5981,EID_25166,M,37.0,3,Married,Franklin,Purchasing,Conceptual,3.0,2,61,2,3,5.0,type2,3.0,0.8701
5985,EID_9449,M,42.0,3,Married,Lebanon,IT,Behavioral,9.0,2,65,1,1,10.0,type2,1.0,0.5456
5988,EID_10196,F,45.0,3,Married,Washington,IT,Behavioral,10.0,4,33,2,2,10.0,type2,2.0,0.7374
6007,EID_17782,F,23.0,1,Married,Lebanon,Logistics,Directive,4.0,2,36,2,4,5.0,type0,2.0,0.7868
6012,EID_11113,F,37.0,3,Married,Clinton,Operarions,Directive,10.0,1,59,0,2,5.0,type2,2.0,0.7897
6023,EID_12025,F,40.0,3,Married,Franklin,Operarions,Analytical,12.0,2,32,1,3,8.0,type2,3.0,0.555
6026,EID_14485,M,37.0,5,Married,Lebanon,Purchasing,Directive,7.0,3,72,1,1,7.0,type2,2.0,0.6518
6037,EID_23147,M,27.0,5,Single,Clinton,Logistics,Analytical,4.0,3,30,1,5,7.0,type2,4.0,0.6843
6054,EID_14382,M,30.0,1,Married,Lebanon,Accounting and Finance,Analytical,6.0,4,65,0,3,2.0,type4,1.0,0.8724
6065,EID_23158,M,45.0,5,Married,Clinton,Operarions,Behavioral,11.0,4,33,0,3,8.0,type2,3.0,0.7726
6067,EID_20104,M,35.0,3,Single,Franklin,Purchasing,Directive,8.0,3,67,1,2,4.0,type0,3.0,0.6055
6072,EID_6433,M,53.0,3,Single,Springfield,IT,Analytical,24.0,4,56,2,3,6.0,type4,1.0,0.9865
6076,EID_24205,F,45.0,3,Married,Franklin,IT,Conceptual,10.0,3,69,1,4,2.0,type2,3.0,0.7647
6078,EID_9650,F,41.0,4,Single,Springfield,R&D,Conceptual,10.0,3,42,1,4,8.0,type3,2.0,0.7585
6089,EID_5103,M,65.0,3,Single,Lebanon,IT,Directive,41.0,3,34,0,1,7.0,type3,2.0,0.7512
6094,EID_12071,F,35.0,4,Married,Clinton,Purchasing,Behavioral,7.0,4,67,0,2,7.0,type2,3.0,0.6378
6098,EID_17456,M,26.0,4,Married,Lebanon,Logistics,Analytical,3.0,3,28,0,5,5.0,type3,1.0,0.8208
6112,EID_20238,F,28.0,4,Married,Franklin,Security,Directive,4.0,3,53,1,4,8.0,type2,2.0,0.5469
6115,EID_21441,F,42.0,2,Married,Springfield,Human Resource Management,Conceptual,19.0,4,37,1,1,2.0,type3,1.0,0.9882
6128,EID_16976,F,24.0,4,Married,Springfield,Operarions,Analytical,5.0,3,45,1,2,5.0,type2,1.0,0.4886
6131,EID_16124,F,23.0,4,Single,Franklin,IT,Directive,4.0,3,73,1,3,8.0,type3,3.0,0.783
6164,EID_24946,M,45.0,4,Married,Lebanon,Purchasing,Directive,19.0,3,23,0,3,8.0,type2,3.0,0.7682
6169,EID_8291,F,37.0,4,Married,Lebanon,Operarions,Directive,10.0,1,38,2,4,6.0,type3,3.0,0.6573
6180,EID_11403,M,33.0,1,Single,Springfield,Operarions,Analytical,11.0,1,69,1,4,4.0,type3,2.0,0.701
6189,EID_9596,F,41.0,2,Married,Franklin,R&D,Directive,2.0,2,64,1,1,9.0,type3,3.0,0.5667
6196,EID_11260,M,42.0,3,Married,Lebanon,IT,Behavioral,9.0,1,52,1,2,3.0,type3,4.0,0.7696
6211,EID_12739,M,38.0,2,Single,Franklin,Human Resource Management,Conceptual,10.0,4,41,2,5,4.0,type2,3.0,0.6232
6223,EID_10594,F,44.0,3,Married,Franklin,R&D,Conceptual,15.0,1,33,1,1,8.0,type2,3.0,0.7167
6241,EID_4328,M,64.0,5,Married,Washington,Sales,Directive,39.0,1,69,1,3,4.0,type2,1.0,0.7543
6248,EID_10968,F,38.0,2,Single,Springfield,Operarions,Conceptual,11.0,2,68,1,2,6.0,type2,2.0,0.7245
6249,EID_16857,M,24.0,4,Single,Clinton,R&D,Directive,5.0,1,42,1,5,5.0,type2,1.0,0.5309
6253,EID_20713,F,37.0,3,Married,Lebanon,Human Resource Management,Directive,11.0,2,40,1,4,10.0,type2,4.0,0.9162
6275,EID_16150,M,26.0,4,Single,Franklin,Purchasing,Behavioral,2.0,2,28,1,3,3.0,type2,3.0,0.5787
6282,EID_14272,M,25.0,3,Married,Springfield,Accounting and Finance,Conceptual,6.0,3,57,1,2,5.0,type4,4.0,0.9897
6291,EID_9643,M,46.0,1,Married,Washington,Accounting and Finance,Conceptual,19.0,2,67,1,1,7.0,type3,1.0,0.7203
6299,EID_24942,F,27.0,3,Married,Lebanon,Purchasing,Behavioral,5.0,4,42,0,3,9.0,type2,1.0,0.6115
6309,EID_10733,F,34.0,3,Married,Franklin,IT,Conceptual,8.0,3,20,2,3,9.0,type2,3.0,0.9288
6337,EID_16029,F,29.0,4,Married,Springfield,Logistics,Directive,7.0,2,31,1,2,8.0,type3,4.0,0.5791
6338,EID_23462,M,28.0,3,Married,Lebanon,Logistics,Conceptual,4.0,1,33,1,2,7.0,type2,2.0,0.5259
6354,EID_19975,M,32.0,3,Single,Springfield,Purchasing,Conceptual,7.0,2,47,1,2,3.0,type2,3.0,0.6986
6374,EID_15350,M,31.0,2,Married,Franklin,Sales,Analytical,5.0,3,30,2,2,6.0,type3,1.0,0.6188
6389,EID_14249,F,34.0,5,Married,Washington,Operarions,Conceptual,12.0,3,66,1,5,3.0,type2,1.0,0.4917
6402,EID_12428,F,30.0,4,Married,Springfield,Operarions,Directive,8.0,4,25,1,1,6.0,type3,3.0,0.9632
6406,EID_24659,F,42.0,3,Married,Franklin,IT,Conceptual,12.0,1,64,1,1,4.0,type2,2.0,0.7273
6416,EID_17133,F,27.0,4,Single,Washington,Accounting and Finance,Behavioral,3.0,2,50,2,3,4.0,type4,2.0,0.5808
6431,EID_8773,F,39.0,3,Married,Springfield,Marketing,Analytical,11.0,1,60,0,3,8.0,type2,4.0,0.5922
6444,EID_15970,F,26.0,4,Single,Washington,Sales,Conceptual,2.0,2,40,0,5,4.0,type2,4.0,0.6165
6448,EID_2736,M,52.0,4,Single,Franklin,Logistics,Directive,20.0,2,66,1,1,4.0,type0,1.0,0.6863
6477,EID_14474,M,25.0,3,Single,Washington,R&D,Behavioral,6.0,3,47,2,2,7.0,type3,3.0,0.5769
6482,EID_13221,F,28.0,3,Single,Lebanon,Sales,Behavioral,5.0,3,36,1,4,8.0,type2,1.0,0.7367
6502,EID_6563,M,48.0,3,Married,Lebanon,Sales,Behavioral,26.0,3,20,0,2,8.0,type3,1.0,0.6644
6525,EID_20507,M,32.0,5,Single,Franklin,Operarions,Behavioral,3.0,3,49,1,2,6.0,type2,4.0,0.7514
6570,EID_22289,F,54.0,4,Married,Franklin,IT,Directive,23.0,3,39,0,3,6.0,type3,2.0,0.6198
6580,EID_7881,M,41.0,3,Married,Springfield,Purchasing,Directive,10.0,1,39,1,3,5.0,type2,2.0,0.78
6586,EID_5188,M,64.0,5,Married,Lebanon,IT,Analytical,33.0,2,66,2,2,6.0,type2,3.0,0.578
6588,EID_2923,M,52.0,4,Married,Franklin,Accounting and Finance,Analytical,28.0,4,30,0,4,6.0,type2,4.0,0.6987
6589,EID_19403,M,21.0,2,Married,Springfield,Purchasing,Behavioral,2.0,2,67,1,2,6.0,type2,3.0,0.9049
6604,EID_25342,F,30.0,4,Married,Lebanon,Sales,Conceptual,8.0,1,53,0,5,4.0,type3,3.0,0.9391
6606,EID_22125,F,19.0,3,Single,Springfield,Security,Analytical,0.0,0,40,1,3,5.0,type3,2.0,0.4894
6616,EID_3735,M,54.0,3,Married,Clinton,Sales,Directive,29.0,1,31,2,3,3.0,type2,2.0,0.5479
6619,EID_9295,F,60.0,3,Married,Franklin,IT,Directive,37.0,4,29,0,1,8.0,type2,2.0,0.7444
6647,EID_1461,F,65.0,2,Married,Washington,Operarions,Conceptual,26.0,1,40,0,3,8.0,type2,3.0,0.5631
6668,EID_18352,M,21.0,3,Married,Springfield,Sales,Behavioral,2.0,2,68,0,3,3.0,type2,3.0,0.766
6674,EID_8329,F,49.0,5,Married,Springfield,Operarions,Analytical,10.0,4,24,1,3,8.0,type3,1.0,0.717
6677,EID_4963,M,47.0,4,Married,Clinton,Purchasing,Conceptual,20.0,1,45,1,1,4.0,type4,1.0,0.5649
6685,EID_3036,M,55.0,3,Single,Franklin,Accounting and Finance,Directive,32.0,3,63,1,4,6.0,type2,1.0,0.846
6695,EID_20174,F,22.0,4,Married,Springfield,Sales,Behavioral,3.0,3,39,0,3,4.0,type2,3.0,0.8477
6701,EID_14960,M,30.0,4,Married,Franklin,Operarions,Behavioral,6.0,2,74,0,4,7.0,type2,4.0,0.9604
6706,EID_3237,M,37.0,4,Single,Springfield,Sales,Directive,24.0,2,62,1,2,2.0,type3,3.0,0.6191
6712,EID_17625,F,25.0,3,Married,Springfield,IT,Conceptual,6.0,2,21,1,3,5.0,type2,3.0,0.8315
6747,EID_14082,F,29.0,3,Married,Washington,Purchasing,Behavioral,5.0,1,32,1,3,5.0,type2,3.0,0.5921
6753,EID_3748,F,37.0,3,Married,Lebanon,Logistics,Analytical,10.0,1,42,0,3,6.0,type2,2.0,0.6815
6771,EID_22533,M,37.0,3,Single,Lebanon,R&D,Conceptual,11.0,1,59,0,3,5.0,type2,3.0,0.5289
6785,EID_18826,M,20.0,4,Married,Springfield,IT,Conceptual,1.0,1,57,0,3,7.0,type2,4.0,0.7057
6786,EID_11419,F,42.0,5,Married,Lebanon,Operarions,Behavioral,7.0,3,60,1,5,6.0,type3,1.0,0.8495
6796,EID_18697,F,37.0,3,Married,Washington,IT,Behavioral,0.0,0,71,1,1,5.0,type2,1.0,0.6376
6798,EID_8029,F,60.0,1,Married,Clinton,IT,Conceptual,27.0,3,25,0,1,6.0,type2,2.0,0.6828
6812,EID_25528,F,47.0,3,Single,Clinton,Logistics,Conceptual,24.0,3,40,1,4,8.0,type2,2.0,0.8561
6817,EID_20154,F,22.0,3,Married,Springfield,IT,Analytical,3.0,1,57,0,1,5.0,type3,4.0,0.7391
6819,EID_7928,M,59.0,4,Married,Clinton,Operarions,Directive,29.0,3,58,0,2,8.0,type2,3.0,0.7967
6828,EID_1396,F,58.0,3,Single,Franklin,Operarions,Behavioral,31.0,1,62,0,1,3.0,type3,2.0,0.6309
6839,EID_1027,M,43.0,5,Married,Washington,Purchasing,Conceptual,5.0,1,20,2,2,6.0,type3,3.0,0.4923
6846,EID_21887,F,32.0,4,Married,Lebanon,IT,Behavioral,9.0,3,27,1,5,5.0,type2,2.0,0.724
6856,EID_18791,M,22.0,2,Married,Washington,Security,Analytical,3.0,3,20,1,4,3.0,type2,1.0,0.9053
6869,EID_4055,M,37.0,3,Married,Lebanon,Operarions,Conceptual,25.0,3,61,1,3,6.0,type2,2.0,0.78
6884,EID_15375,M,27.0,4,Married,Lebanon,Logistics,Conceptual,4.0,2,41,1,4,6.0,type0,3.0,0.8351
6887,EID_14884,M,32.0,3,Married,Springfield,Logistics,Directive,7.0,3,47,2,2,6.0,type2,4.0,0.5074
6894,EID_17639,F,21.0,3,Single,Lebanon,Sales,Directive,2.0,2,62,1,3,2.0,type2,1.0,0.6056
6909,EID_25414,F,27.0,5,Single,Franklin,IT,Conceptual,3.0,2,23,0,3,10.0,type2,3.0,0.9615
6925,EID_21682,F,47.0,4,Single,Lebanon,IT,Analytical,12.0,1,65,0,2,7.0,type2,4.0,0.5225
6927,EID_8338,M,49.0,3,Married,Washington,Operarions,Directive,13.0,3,23,1,4,6.0,type2,4.0,0.6958
6929,EID_13324,M,36.0,4,Married,Springfield,Accounting and Finance,Behavioral,13.0,1,48,2,1,5.0,type2,3.0,0.5868
6932,EID_17155,M,27.0,3,Married,Franklin,Security,Analytical,5.0,1,63,1,5,7.0,type2,3.0,0.9735
6941,EID_13329,M,27.0,1,Married,Lebanon,Sales,Analytical,4.0,3,59,2,1,2.0,type2,2.0,0.4958
6946,EID_14849,F,28.0,4,Married,Springfield,Logistics,Conceptual,6.0,2,58,1,1,5.0,type2,2.0,0.6935
6966,EID_4159,F,65.0,1,Single,Washington,Marketing,Behavioral,34.0,4,40,1,3,4.0,type2,1.0,0.8574
6985,EID_4484,M,65.0,3,Single,Washington,Human Resource Management,Conceptual,30.0,2,35,0,3,10.0,type2,1.0,0.5049
6995,EID_16328,F,23.0,5,Married,Franklin,Operarions,Behavioral,4.0,1,20,1,2,6.0,type3,3.0,0.7839
6997,EID_8077,F,49.0,3,Single,Springfield,IT,Directive,10.0,1,59,1,2,3.0,type2,4.0,0.7847
